ID,CREATE_DATE,sim_type_id,sim_category,voice_template,sms_template,data_template,ORDER_NUMBER,SERVICE_GRANT,IMEI_LOCK,OLD_PROFILE_STATE,CURRENT_PROFILE_STATE,custom_param_1,custom_param_2,custom_param_3,custom_param_4,custom_param_5,BULK_SERVICE_NAME,FVS_DATA,lock_by_user,imei_lock_setup_date,imei_lock_disable_date
3492,2014-10-24 13:37:12,3,830,,,,,0,0,,,,,,,,,,,,
3493,2012-07-24 10:06:10,3,830,,,,,0,0,,,,,,,,,,,,
3494,2012-07-24 10:06:43,3,830,,,,,0,0,,,,,,,,,,,,
3495,2012-07-24 10:07:36,3,830,,,,,0,0,,,,,,,,,,,,
3496,2012-07-24 10:08:05,3,830,,,,,0,0,,,,,,,,,,,,
3497,2012-07-24 10:08:34,3,830,,,,,0,0,,,,,,,,,,,,
3498,2012-07-24 10:09:13,3,830,,,,,0,0,,,,,,,,,,,,
3499,2012-07-24 10:11:21,3,830,,,,,0,0,,,,,,,,,,,,
3500,2012-07-24 10:11:45,3,830,,,,,0,0,,,,,,,,,,,,
3501,2012-07-24 10:11:54,3,830,,,,,0,0,,,,,,,,,,,,
3502,2012-07-24 10:12:04,3,830,,,,,0,0,,,,,,,,,,,,
3503,2012-07-24 10:12:46,3,830,,,,,0,0,,,,,,,,,,,,
3504,2012-07-24 10:13:34,3,830,,,,,0,0,,,,,,,,,,,,
3505,2012-07-24 10:13:53,3,830,,,,,0,0,,,,,,,,,,,,
3506,2012-07-24 10:14:45,3,830,,,,,0,0,,,,,,,,,,,,
3507,2012-07-24 10:15:17,3,830,,,,,0,0,,,,,,,,,,,,
3508,2012-07-24 10:15:41,3,830,,,,,0,0,,,,,,,,,,,,
3509,2012-07-24 10:17:55,3,830,,,,,0,0,,,,,,,,,,,,
3510,2012-07-24 10:18:14,3,830,,,,,0,0,,,,,,,,,,,,
3511,2012-07-24 10:18:55,3,830,,,,,0,0,,,,,,,,,,,,
3512,2012-07-24 10:19:51,3,830,,,,,0,0,,,,,,,,,,,,
3513,2012-07-24 10:20:38,3,830,,,,,0,0,,,,,,,,,,,,
3514,2012-07-24 10:21:38,3,830,,,,,0,0,,,,,,,,,,,,
3515,2012-07-24 10:22:54,3,830,,,,,0,0,,,,,,,,,,,,
3516,2012-07-24 10:23:43,3,830,,,,,0,0,,,,,,,,,,,,
3517,2012-07-24 10:23:47,3,830,,,,,0,0,,,,,,,,,,,,
3518,2012-07-24 10:23:57,3,830,,,,,0,0,,,,,,,,,,,,
3519,2012-07-24 10:25:00,3,830,,,,,0,0,,,,,,,,,,,,
3520,2012-07-24 10:25:34,3,830,,,,,0,0,,,,,,,,,,,,
3521,2012-07-24 10:25:58,3,830,,,,,0,0,,,,,,,,,,,,
3522,2012-07-24 10:26:56,3,830,,,,,0,0,,,,,,,,,,,,
3523,2012-07-24 10:27:01,3,830,,,,,0,0,,,,,,,,,,,,
3524,2012-07-24 10:27:06,3,830,,,,,0,0,,,,,,,,,,,,
3525,2012-07-24 10:27:40,3,830,,,,,0,0,,,,,,,,,,,,
3526,2012-07-24 10:29:10,3,830,,,,,0,0,,,,,,,,,,,,
3527,2012-07-24 10:30:24,3,830,,,,,0,0,,,,,,,,,,,,
3528,2012-07-24 10:32:05,3,830,,,,,0,0,,,,,,,,,,,,
3529,2012-07-24 10:32:37,3,830,,,,,0,0,,,,,,,,,,,,
3530,2012-07-24 10:33:02,3,830,,,,,0,0,,,,,,,,,,,,
3531,2012-07-24 10:33:22,3,830,,,,,0,0,,,,,,,,,,,,
3532,2012-07-24 10:34:18,3,830,,,,,0,0,,,,,,,,,,,,
3533,2012-07-24 10:36:51,3,830,,,,,0,0,,,,,,,,,,,,
3534,2012-07-24 10:37:10,3,830,,,,,0,0,,,,,,,,,,,,
3535,2012-07-24 10:37:20,3,830,,,,,0,0,,,,,,,,,,,,
3536,2012-07-24 10:37:30,3,830,,,,,0,0,,,,,,,,,,,,
3537,2012-07-24 10:40:11,3,830,,,,,0,0,,,,,,,,,,,,
3538,2012-07-24 10:40:24,3,830,,,,,0,0,,,,,,,,,,,,
3539,2012-07-24 10:40:43,3,830,,,,,0,0,,,,,,,,,,,,
3540,2012-07-24 10:40:51,3,830,,,,,0,0,,,,,,,,,,,,
3541,2012-07-24 10:43:55,3,830,,,,,0,0,,,,,,,,,,,,
3542,2012-07-24 10:52:01,3,830,,,,,0,0,,,,,,,,,,,,
3543,2012-07-24 10:52:35,3,830,,,,,0,0,,,,,,,,,,,,
3544,2012-07-24 10:52:53,3,830,,,,,0,0,,,,,,,,,,,,
3545,2012-07-24 10:53:04,3,830,,,,,0,0,,,,,,,,,,,,
3546,2012-07-24 10:53:33,3,830,,,,,0,0,,,,,,,,,,,,
3547,2012-07-24 10:53:44,3,830,,,,,0,0,,,,,,,,,,,,
3548,2012-07-24 10:53:47,3,830,,,,,0,0,,,,,,,,,,,,
3549,2012-07-24 10:55:14,3,830,,,,,0,0,,,,,,,,,,,,
3550,2012-07-24 10:55:48,3,830,,,,,0,0,,,,,,,,,,,,
3551,2012-07-24 11:03:44,3,830,,,,,0,0,,,,,,,,,,,,
3552,2012-07-24 11:03:45,3,830,,,,,0,0,,,,,,,,,,,,
3553,2012-07-24 11:03:45,3,830,,,,,0,0,,,,,,,,,,,,
3554,2012-07-24 11:03:50,3,830,,,,,0,0,,,,,,,,,,,,
3555,2012-08-02 13:49:20,3,830,,,,,0,0,,,,,,,,,,,,
3556,2012-08-02 13:49:21,3,830,,,,,0,0,,,,,,,,,,,,
3557,2012-08-02 13:49:21,3,830,,,,,0,0,,,,,,,,,,,,
3558,2012-08-02 13:49:21,3,830,,,,,0,0,,,,,,,,,,,,
3559,2012-08-02 13:49:25,3,830,,,,,0,0,,,,,,,,,,,,
3560,2012-08-02 13:49:28,3,830,,,,,0,0,,,,,,,,,,,,
3561,2012-08-02 13:49:28,3,830,,,,,0,0,,,,,,,,,,,,
3562,2012-08-02 13:49:28,3,830,,,,,0,0,,,,,,,,,,,,
3563,2012-08-02 13:49:29,3,830,,,,,0,0,,,,,,,,,,,,
3564,2012-08-02 13:49:29,3,830,,,,,0,0,,,,,,,,,,,,
3565,2012-08-02 13:49:29,3,830,,,,,0,0,,,,,,,,,,,,
